RowNumber,UserID,UserName,UserGender,UserAddress,UserDOB
1,US00001,Devinne Snasel,Snasel,San Fernando,13/09/1983
2,US00002,Carny Maggi,Maggi,Ballinroad,28/03/2004
3,US00003,Ania Duesberry,Duesberry,Mjölby,27/08/2005
4,US00004,Shadow Robillard,Robillard,Zhushan,14/02/1966
5,US00005,Claire Dufoure,Dufoure,Ōarai,01/07/2018
6,US00006,Stephannie Valentinuzzi,Valentinuzzi,Union,01/12/1973
7,US00007,Christalle Grutchfield,Grutchfield,Ciherang,02/12/2017
8,US00008,Ford Cerith,Cerith,Santa Rosa,28/12/1962
9,US00009,Happy Ide,Ide,Watsa,20/07/2003
10,US00010,Idelle Squires,Squires,Axili,02/10/1982
11,US00011,Padriac Gunton,Gunton,Bélabo,07/11/1992
12,US00012,August Matthisson,Matthisson,Pilang,19/09/2015
13,US00013,Dottie Quoit,Quoit,Asquipata,26/06/2018
14,US00014,Phillis Mattacks,Mattacks,Pelotas,14/06/1962
15,US00015,Cordy Maffi,Maffi,Vidnoye,24/03/2008
16,US00016,Saunder Hagart,Hagart,Los Angeles,21/01/1978
17,US00017,Lorette Sayburn,Sayburn,Al Manshāh,30/04/2016
18,US00018,Ertha Gorton,Gorton,Zargarān,02/11/2011
19,US00019,Jdavie Gretham,Gretham,Martanesh,13/07/2015
20,US00020,Monte Gipps,Gipps,Oklahoma City,27/05/1973
21,US00021,Glenn Bloschke,Bloschke,Pasanggrahan,03/02/1968
22,US00022,Hyacinth Phinnessy,Phinnessy,Huiwen,16/02/1981
23,US00023,Maximilian Glanvill,Glanvill,Esso,16/04/1996
24,US00024,Arlen Cregeen,Cregeen,Kuntong,25/10/1991
25,US00025,Kaitlyn Eisold,Eisold,Nangang,15/08/1975
26,US00026,Lorry Bradder,Bradder,Nagbacalan,07/03/1995
27,US00027,Lelah Vanin,Vanin,Madruga,19/07/1989
28,US00028,Gideon Alwen,Alwen,Aserrío de Gariché,05/12/1991
29,US00029,Brodie Poytheras,Poytheras,Payao,10/09/1993
30,US00030,Berthe Rabl,Rabl,Skomielna Czarna,09/05/1993
31,US00031,Adrianne Attrie,Attrie,Norfolk,14/04/1985
32,US00032,Albie Tribe,Tribe,Firá,04/11/1951
33,US00033,Hershel McDougle,McDougle,Pandakan,17/11/1961
34,US00034,Sofia Ingon,Ingon,Toulouse,14/08/1969
35,US00035,Winston Wadesworth,Wadesworth,‘Arab ar Rashāydah,11/12/2005
36,US00036,Lily Spurier,Spurier,Boljoon,11/08/1975
37,US00037,Noelyn Poat,Poat,Lefkímmi,27/07/1951
38,US00038,Scot Antcliffe,Antcliffe,Waturoka,29/03/1980
39,US00039,Rivi Duxbury,Duxbury,Dongjiahe,08/03/1974
40,US00040,Rabbi Sterman,Sterman,Gerakaroú,28/03/1996
41,US00041,Selma Margarson,Margarson,Bektemir,18/01/1953
42,US00042,Brett Burness,Burness,Santa Cruz,04/12/1980
43,US00043,Jamima Piscopo,Piscopo,Tohong,07/02/1955
44,US00044,Cobbie Cuddihy,Cuddihy,Svoge,26/12/1990
45,US00045,Nathanil Pelfer,Pelfer,Nagorsk,15/06/1992
46,US00046,Morissa Abbe,Abbe,Jeblog Satu,10/05/2006
47,US00047,Gunar Sidebottom,Sidebottom,Al Munīrah,23/03/1988
48,US00048,Sisile Flawith,Flawith,Wuyang,02/02/2001
49,US00049,Orsola Pinckney,Pinckney,Yongfeng,27/07/1976
50,US00050,Rabbi Drust,Drust,Mapulo,12/08/1991
51,US00051,Arlie Arnaud,Arnaud,Jinzhuang,09/03/1992
52,US00052,Kimmy Rowen,Rowen,Qiantang,08/10/2009
53,US00053,Christan Sutcliffe,Sutcliffe,Victoriaville,03/02/2000
54,US00054,Merline Delle,Delle,Dijon,05/09/1986
55,US00055,Tomaso Brittle,Brittle,Dubréka,05/12/1991
56,US00056,Ranique Parkisson,Parkisson,Danao,12/02/1962
57,US00057,Gayle Maddox,Maddox,Södertälje,14/04/1998
58,US00058,Vin Albury,Albury,Kalwaria Zebrzydowska,25/12/1995
59,US00059,Philly Bispo,Bispo,Inírida,20/02/2009
60,US00060,Meade Dayton,Dayton,Castelo,11/07/1973
61,US00061,Harald Fownes,Fownes,Otorohanga,19/10/2011
62,US00062,Kalinda Nowell,Nowell,Bojszowy Nowe,02/04/1999
63,US00063,Brigida Wrettum,Wrettum,Longchi,30/05/1996
64,US00064,Zebulon Tigwell,Tigwell,Oslo,28/08/1964
65,US00065,Malachi Blackah,Blackah,Balboa,14/04/1960
66,US00066,Eyde Tabner,Tabner,Artemivs’k,07/11/2012
67,US00067,Audre Tolcharde,Tolcharde,Flagstaff,21/04/1954
68,US00068,Roley Poynor,Poynor,Nabunturan,11/03/1963
69,US00069,Elva Shortell,Shortell,Maisons-Laffitte,20/11/1955
70,US00070,Cris Lotterington,Lotterington,Tsyelyakhany,11/12/1986
71,US00071,Cecily Pollock,Pollock,Lembang,20/02/2019
72,US00072,Hamnet Lodeke,Lodeke,Pujiang,11/08/1984
73,US00073,Daron Billany,Billany,Plagiári,27/03/1999
74,US00074,Laura Hatrick,Hatrick,Cipaku,14/08/1980
75,US00075,Mufi Andrzejowski,Andrzejowski,Stockholm,24/10/1979
76,US00076,Elyssa Flasby,Flasby,Armen,25/06/1990
77,US00077,Sayre Gothard,Gothard,Nogliki,27/04/1964
78,US00078,Arv Dobbings,Dobbings,Nakło nad Notecią,23/04/1999
79,US00079,Kele Kivits,Kivits,Lebel-sur-Quévillon,12/03/1970
80,US00080,Annelise Habbema,Habbema,Gurinai,30/11/1975
81,US00081,Briney Curtayne,Curtayne,Bom Sucesso,01/06/1974
82,US00082,Addy Ivanchenkov,Ivanchenkov,Osa,03/11/1989
83,US00083,Marylinda Brandi,Brandi,Uppsala,08/08/2013
84,US00084,Mark O' Quirk,O' Quirk,Nong Hi,20/10/1997
85,US00085,Jeanette MacGaughy,MacGaughy,Tottori,05/06/1982
86,US00086,Ruy Tother,Tother,Judita,30/06/2003
87,US00087,Lelah Giovanitti,Giovanitti,Dimbokro,08/08/1987
88,US00088,Raeann Giacometti,Giacometti,Binhailu,21/10/1985
89,US00089,Bruce Nottingham,Nottingham,Guangyubao,04/05/2019
90,US00090,Candide Heiden,Heiden,Dashtavan,01/08/2014
91,US00091,Leon Convery,Convery,Labytnangi,17/01/1996
92,US00092,Devondra Meiner,Meiner,Ramanavichy,09/07/1989
93,US00093,Alla Seaward,Seaward,Ödeshög,13/01/1972
94,US00094,Celestina Pavlovic,Pavlovic,Jardim,23/04/1956
95,US00095,Hilary Carling,Carling,La Loma,27/01/2009
96,US00096,Tremayne Justis,Justis,Крушопек,17/01/1981
97,US00097,Torrie Kenwright,Kenwright,Kayu Agung,19/10/1957
98,US00098,Kylie Truin,Truin,Santo Domingo de los Colorados,30/10/1968
99,US00099,Elva Derrick,Derrick,Prigi,12/06/1961
100,US00100,Tonie Charpling,Charpling,Salinggara,29/06/1974
101,US00101,Malina Tompkinson,Tompkinson,Beichan,01/08/1979
102,US00102,Toby Burfitt,Burfitt,Newala Kisimani,21/11/1962
103,US00103,Gill Cosgrove,Cosgrove,Zakupne,27/04/1959
104,US00104,Zedekiah Dabels,Dabels,Nyalindung,22/07/1963
105,US00105,Emlen Garmons,Garmons,Huangyan,07/09/1967
106,US00106,Franzen Clearley,Clearley,Dankama,16/08/1968
107,US00107,Cybill Tomney,Tomney,Častolovice,22/05/1984
108,US00108,Griz Thoumasson,Thoumasson,Khlong Luang,01/11/1979
109,US00109,Lucias Feechum,Feechum,Dąbrowa,26/06/1985
110,US00110,Ginnifer Ginner,Ginner,Mitry-Mory,04/04/2005
111,US00111,Glenden McNaught,McNaught,Botucatu,26/06/2004
112,US00112,Coreen Clurow,Clurow,Xiaqiao,15/01/1954
113,US00113,Elise Key,Key,Stockholm,20/09/1998
114,US00114,Brewer Kleiser,Kleiser,Mashtūl as Sūq,08/10/1962
115,US00115,Byran Borghese,Borghese,Shimiaozi,17/10/2003
116,US00116,Elissa Prover,Prover,Želešice,13/03/2012
117,US00117,Daveen Mayer,Mayer,Strawberry Hills,05/06/2020
118,US00118,Morry Wilshere,Wilshere,Baisangguan,21/07/1976
119,US00119,Manolo Gozzett,Gozzett,Randudongkal,14/06/1984
120,US00120,Benni Eschalette,Eschalette,Puente Nacional,21/11/2011
121,US00121,Sylvester Boxen,Boxen,Bansko,22/12/1987
122,US00122,Rodd Chadwin,Chadwin,Comapa,03/05/2001
123,US00123,Lief McTavy,McTavy,Vinica,12/08/1964
124,US00124,Heidie Savell,Savell,Okocim,11/08/1975
125,US00125,Suzi Knath,Knath,Arapongas,23/06/1950
126,US00126,Lucilia Lutman,Lutman,Frederico Westphalen,04/08/1960
127,US00127,Ab Gormally,Gormally,San Miguel,08/02/2006
128,US00128,Jacquelin Bassford,Bassford,Roanoke,11/09/2006
129,US00129,Doro Bulfield,Bulfield,Tateyama,25/09/1987
130,US00130,Bink Mordon,Mordon,Vrané nad Vltavou,19/01/1953
131,US00131,Tiebold Elven,Elven,Novki,01/05/2006
132,US00132,Orion Sawers,Sawers,Varva,13/12/2008
133,US00133,Alberta Laugharne,Laugharne,Sakchu-ŭp,03/02/2015
134,US00134,Alberta Danielkiewicz,Danielkiewicz,Gävle,10/05/1962
135,US00135,Nana Borborough,Borborough,Shahbā,02/01/1977
136,US00136,Christoph Crafter,Crafter,Tangier,14/04/1977
137,US00137,Sean Stowers,Stowers,Helixi,22/02/2011
138,US00138,Melva Bakey,Bakey,Zhongshangang,23/11/1960
139,US00139,Brander Sauvan,Sauvan,Xinchang,10/01/1954
140,US00140,Leigha Bryson,Bryson,Lac La Biche,08/02/2017
141,US00141,Thatcher Miall,Miall,Belize City,27/10/1985
142,US00142,Gayla Fildery,Fildery,Konza,22/10/2014
143,US00143,Christian Bastian,Bastian,Saint-Augustin,18/12/2009
144,US00144,Kessia Sline,Sline,Jinqu,11/02/1962
145,US00145,Lennie Fillon,Fillon,Los Rastrojos,24/11/1999
146,US00146,Shayne Shoubridge,Shoubridge,Voyinka,17/05/2017
147,US00147,Reggi Allsep,Allsep,Quangang,18/03/1953
148,US00148,Jodie Tompkiss,Tompkiss,Götene,17/07/2015
149,US00149,Keri Bareham,Bareham,Imaan,26/02/1972
150,US00150,Broddie Jeayes,Jeayes,Kabba,06/01/1991
151,US00151,Tiphanie Garry,Garry,Gyangkar,29/04/2006
152,US00152,Alisun Honywill,Honywill,Peer,14/02/2012
153,US00153,Kerby Volker,Volker,Jawor,03/03/1991
154,US00154,Jewell Eayrs,Eayrs,Verin Artashat,20/08/2011
155,US00155,Florentia Cutten,Cutten,Chating,03/02/1974
156,US00156,Gerald Coule,Coule,Las Flores,18/02/2010
157,US00157,Marshal Tankard,Tankard,Yanwukou,19/08/2006
158,US00158,Leshia Joyner,Joyner,Koźle,30/08/1975
159,US00159,Carolann Leworthy,Leworthy,Rędziny,17/04/1981
160,US00160,Dominica Windrass,Windrass,Chã,05/06/1953
161,US00161,Ania Lochead,Lochead,Xinghua,04/08/1985
162,US00162,Cinnamon Boynes,Boynes,Iţsā,17/01/1952
163,US00163,Rochester Vautin,Vautin,Penedo,30/04/1957
164,US00164,Linoel Keene,Keene,Danauparis,16/02/1982
165,US00165,Finn Slograve,Slograve,Kaya,27/01/2011
166,US00166,Angelique Biddy,Biddy,Tatrang,30/09/2003
167,US00167,Garth Woolgar,Woolgar,Reguengos de Monsaraz,03/02/1977
168,US00168,Josefina Farleigh,Farleigh,Bamban,04/05/1985
169,US00169,Jarib Sansome,Sansome,Boston,24/06/1982
170,US00170,Michelina Peppard,Peppard,Heping,02/11/2002
171,US00171,Myra Sigert,Sigert,Beiquan,07/03/2001
172,US00172,Roley Allmark,Allmark,Fukou,25/07/1992
173,US00173,Colan Gergus,Gergus,Cervantes,09/01/2017
174,US00174,Bone Cowope,Cowope,Jabranti,08/04/2018
175,US00175,Harbert Thornthwaite,Thornthwaite,Quy Đạt,11/09/2004
176,US00176,Shandy Selwood,Selwood,Qiligang,25/10/1990
177,US00177,Alric Roy,Roy,Cumadcad,20/02/1961
178,US00178,Tobe Watkin,Watkin,Jandayan,29/09/1976
179,US00179,Ashien Hakking,Hakking,Trzin,28/09/1981
180,US00180,Ricki Charker,Charker,Myasnikyan,18/05/2016
181,US00181,Gilligan Domek,Domek,Chernukha,05/02/1960
182,US00182,Riane Gyver,Gyver,Mariestad,04/11/2008
183,US00183,Bronny Spragge,Spragge,Bellavista,04/09/1967
184,US00184,Silvan Jedrzejczyk,Jedrzejczyk,Rizómata,23/01/2009
185,US00185,Janeva Thompsett,Thompsett,Morje,10/10/2016
186,US00186,Joe Ogilby,Ogilby,Yunji,11/09/2001
187,US00187,Theresita McGreal,McGreal,Jdaidet el Matn,26/06/2016
188,US00188,Gustie Patey,Patey,Lokwabe,04/07/1951
189,US00189,Koralle Arnholz,Arnholz,Yongping,02/10/1969
190,US00190,Anna O'Gormally,O'Gormally,Budaka,03/01/2006
191,US00191,Cordelie Meers,Meers,Staroshcherbinovskaya,16/09/1988
192,US00192,Mikaela Rasmus,Rasmus,Kista,15/12/2013
193,US00193,Richart Lehmann,Lehmann,Kobylin,10/05/2008
194,US00194,Courtenay Whitfeld,Whitfeld,Kozmice,26/01/1985
195,US00195,Benito Maletratt,Maletratt,Dian-ay,14/03/1973
196,US00196,Miner Ruckman,Ruckman,Cupira,07/12/2018
197,US00197,Barrett Chazier,Chazier,Nginokrajan,28/03/1955
198,US00198,Enrico Yeeles,Yeeles,Bangko,19/09/2018
199,US00199,Tammi Hucquart,Hucquart,Quilmaná,30/11/2017
200,US00200,Roberto Liggons,Liggons,Serra,27/12/1983
201,US00201,Alis Camfield,Camfield,Birmingham,12/08/1992
202,US00202,Dix Disbury,Disbury,Bahía Blanca,20/09/2003
203,US00203,Barnaby Ondrusek,Ondrusek,Tamaki,19/07/2010
204,US00204,Lu Robroe,Robroe,Novokhopërsk,01/12/1964
205,US00205,Averyl Dowall,Dowall,Konstantinovo,19/08/1984
206,US00206,Clementine Erat,Erat,Shakhta,04/04/1997
207,US00207,Oran Jell,Jell,Jagistay,27/10/1975
208,US00208,Darcy Batho,Batho,Krzyżanów,25/07/1956
209,US00209,Hastings Haddy,Haddy,Aldeias de Cima,28/06/1981
210,US00210,Lurlene Kobieriecki,Kobieriecki,Seixal,18/11/2002
211,US00211,Georg Sears,Sears,Katoúna,07/11/1957
212,US00212,Ashien Marriner,Marriner,Kuala Bhee,09/08/1978
213,US00213,Teddy Joskovitch,Joskovitch,Riangkroko,31/12/1977
214,US00214,Tim Fouracre,Fouracre,Kyzylorda,13/10/1989
215,US00215,Haven Moyes,Moyes,Reshetikha,22/02/1962
216,US00216,Tanhya Teenan,Teenan,Paris 12,17/01/1952
217,US00217,Mandel Daniells,Daniells,Huangtukuang,16/06/1956
218,US00218,Claus Loffill,Loffill,Honghe,25/04/1954
219,US00219,Patton Geipel,Geipel,Santo Tomé,16/08/1992
220,US00220,Minda Rackam,Rackam,Bang Sai,27/02/1982
221,US00221,Grady Leese,Leese,Kofelē,14/11/1969
222,US00222,Kizzee Hamshaw,Hamshaw,Jiulong,05/01/1982
223,US00223,Dona Geale,Geale,Metković,25/08/2012
224,US00224,Wittie Bachs,Bachs,Baculongan,26/07/1953
225,US00225,Demeter Kelledy,Kelledy,Portet-sur-Garonne,01/01/1965
226,US00226,Rubia Cantrell,Cantrell,Risālpur,28/09/1983
227,US00227,Antonie Duplan,Duplan,Youxikou,13/12/1999
228,US00228,Wallas Renison,Renison,Douane,10/12/1971
229,US00229,Anallese Bear,Bear,Gunung,16/01/1965
230,US00230,Rheta Benstead,Benstead,Fort Wayne,28/04/1988
231,US00231,Karalynn Mounsie,Mounsie,Mladá Boleslav,15/01/2009
232,US00232,Linus McPherson,McPherson,Chyżne,06/03/1968
233,US00233,Lane Diprose,Diprose,Bayan,02/10/1997
234,US00234,Kristen Smart,Smart,Nyzhni Sirohozy,15/01/1952
235,US00235,Colly Gallant,Gallant,Noen Maprang,08/12/1990
236,US00236,Nealon Bernucci,Bernucci,Níkaia,02/11/1958
237,US00237,Linea St Ledger,St Ledger,Przyborów,11/02/2004
238,US00238,Kile Breyt,Breyt,Lyon,23/11/2012
239,US00239,Brocky Russell,Russell,Dhībīn,22/07/1968
240,US00240,Patricia Keyhoe,Keyhoe,Luocheng,06/05/2010
241,US00241,Netti Albrighton,Albrighton,Vyborg,09/01/2007
242,US00242,Constantina Fathers,Fathers,Kharkhorin,15/04/1996
243,US00243,Emilie Collis,Collis,Kaliningrad,31/03/1975
244,US00244,Delmar Sunman,Sunman,Polonne,31/10/1955
245,US00245,Constantine Bucknill,Bucknill,Planaltina,26/06/2003
246,US00246,Elsi Kinny,Kinny,Jōetsu,13/05/2017
247,US00247,Reinhard Dungey,Dungey,Namikupa,23/06/1950
248,US00248,Jerrylee Clerc,Clerc,Barobo,27/04/1992
249,US00249,Jerad Tilly,Tilly,Juntas,22/04/1971
250,US00250,Iggie Chatelet,Chatelet,Grabica,18/09/2019
251,US00251,Edsel Doorbar,Doorbar,Yunping,28/11/1974
252,US00252,Tobias Emmanueli,Emmanueli,Fujikawaguchiko,01/11/2010
253,US00253,Mauricio Balch,Balch,Hanghuadian,02/05/1992
254,US00254,Alwin Veltmann,Veltmann,Huanghua,09/05/1998
255,US00255,Bridgette Reck,Reck,Longcheng,30/09/1963
256,US00256,Arin Mapples,Mapples,Nagarakembang,19/10/1981
257,US00257,Clareta Gutcher,Gutcher,Wołczyn,06/06/1977
258,US00258,Huey Raigatt,Raigatt,Santa Lucía,25/08/1998
259,US00259,Ewen Prestwich,Prestwich,Novoukrayinka,17/08/1980
260,US00260,Jimmy Mersh,Mersh,Hulu,18/05/1985
261,US00261,Matthaeus Lambricht,Lambricht,Shicha,17/06/2011
262,US00262,Obie Cholonin,Cholonin,Benešov nad Ploučnicí,15/05/1971
263,US00263,Elinore Hurling,Hurling,Stockholm,16/05/1965
264,US00264,Leeland Costan,Costan,Nordeste,01/10/1967
265,US00265,Isadora Coghlan,Coghlan,Marseille,10/09/1978
266,US00266,Hana Dadson,Dadson,Ḩalḩūl,12/09/2007
267,US00267,Normy Luc,Luc,Nālūt,16/07/1958
268,US00268,Osbourn McCambridge,McCambridge,San Pedro,03/09/2016
269,US00269,Linoel Izac,Izac,Ina,30/11/1958
270,US00270,Chrissie Fayers,Fayers,Barra dos Coqueiros,18/11/1969
271,US00271,Lazar Measen,Measen,København,11/11/2002
272,US00272,Allx Skypp,Skypp,Aguas del Padre,11/09/2002
273,US00273,Ewart Gonsalvez,Gonsalvez,Bigaan,13/08/1993
274,US00274,Elinore Tregiddo,Tregiddo,Catac,12/08/1950
275,US00275,Roseline Morriarty,Morriarty,Grosuplje,18/09/1975
276,US00276,Rochelle Vosper,Vosper,Stockholm,06/12/2013
277,US00277,Clemence Rings,Rings,Novoaltaysk,30/11/1975
278,US00278,Colin Leggin,Leggin,Yongxing Chengguanzhen,25/02/1985
279,US00279,Kathie Flowith,Flowith,Ungheni,24/05/1969
280,US00280,Malissa Dilon,Dilon,Pingdingshan,07/08/2014
281,US00281,Normy Bassom,Bassom,Waiwejak,18/08/1991
282,US00282,Haven Gorman,Gorman,Węgry,20/12/1981
283,US00283,Joeann Staves,Staves,Saint-Germain-en-Laye,23/08/1972
284,US00284,Demetra Calf,Calf,Songshan,03/02/1971
285,US00285,Petunia Lovell,Lovell,Mayenne,03/03/2018
286,US00286,Alexander Gerrish,Gerrish,Lota,22/06/1952
287,US00287,Kristos Matthieson,Matthieson,Boyeros,24/02/1992
288,US00288,Priscella Spiring,Spiring,Labrang,01/04/1989
289,US00289,Corrine St Ledger,St Ledger,Spring,03/04/1991
290,US00290,Reta Mundford,Mundford,20 de Noviembre,02/12/1962
291,US00291,Brittney Trustram,Trustram,Naftalan,24/08/1979
292,US00292,Dewie Ellerman,Ellerman,Calango,21/03/1962
293,US00293,Eddy Maharry,Maharry,Lubu,05/09/2009
294,US00294,Tallulah Carruth,Carruth,Pombas,21/04/2012
295,US00295,Velma Trank,Trank,Tandou,01/08/2008
296,US00296,Lark Gherarducci,Gherarducci,Batallas,03/05/1984
297,US00297,Sella Arnolds,Arnolds,Canhestros,19/11/1999
298,US00298,Pattin Catlette,Catlette,Saldanha,28/12/2015
299,US00299,Kaela Parfett,Parfett,Maringá,29/01/2019
300,US00300,Queenie Growcock,Growcock,Tuburan,11/08/1984
301,US00301,Malynda Bhar,Bhar,'s-Hertogenbosch,25/03/1954
302,US00302,Wilone Strank,Strank,Khanāşir,03/11/1958
303,US00303,Fairfax Emmitt,Emmitt,Zagoryanskiy,28/05/1979
304,US00304,Terza Castiglione,Castiglione,Boco,29/04/2016
305,US00305,Bridgette Guiraud,Guiraud,Cuauhtemoc,17/01/1999
306,US00306,Ettore Girardot,Girardot,Tevriz,21/05/1967
307,US00307,Ulrika Charlon,Charlon,Remscheid,08/01/1965
308,US00308,Kristo Thunnercliffe,Thunnercliffe,Teupasenti,25/11/1953
309,US00309,Goran Pill,Pill,Sacramento,25/05/1982
310,US00310,Aurore Drinkhill,Drinkhill,Mātli,30/07/1964
311,US00311,Evania Haslam,Haslam,Taichung,05/07/2015
312,US00312,Eadith Mathelin,Mathelin,Gelin,20/11/2003
313,US00313,Gianina Scolding,Scolding,Spirit River,21/12/1950
314,US00314,Kenon Sisley,Sisley,Miguel Hidalgo,28/12/2004
315,US00315,Franciskus Dunkerk,Dunkerk,Oyam,28/08/2011
316,US00316,Mateo Pieracci,Pieracci,Sharga,29/03/1954
317,US00317,Hyacinthie Cadany,Cadany,Lipka,24/01/1975
318,US00318,Allx Tite,Tite,Liushui,20/01/1996
319,US00319,Bent Washbrook,Washbrook,Ilihan,21/06/1975
320,US00320,Conrade Middis,Middis,Gosë e Madhe,16/11/1954
321,US00321,Salvidor Slide,Slide,Montes Claros,20/03/1994
322,US00322,Devland Dumbarton,Dumbarton,Nāgarpur,22/04/1965
323,US00323,Gisella Oseland,Oseland,Diez de Octubre,29/06/1998
324,US00324,Adelheid Felipe,Felipe,Mo I Rana,09/06/2020
325,US00325,Roddie Jirsa,Jirsa,Salzburg,17/07/1992
326,US00326,Maybelle Wolvey,Wolvey,Buenos Aires,24/08/1995
327,US00327,Freeman Corbyn,Corbyn,Krasnogorsk,16/03/2018
328,US00328,Bobby Redington,Redington,Naranjal,19/10/1991
329,US00329,Sebastiano Meir,Meir,Laranganglintong,26/07/1993
330,US00330,Rici Fewings,Fewings,Qusar,31/05/1971
331,US00331,Daffi Hawes,Hawes,Gizo,30/01/2009
332,US00332,Brietta De Hooch,De Hooch,Loyola,07/04/1962
333,US00333,Bernadette Baigrie,Baigrie,Matatiele,14/09/1985
334,US00334,Cristen Goacher,Goacher,Tiebiancheng,17/06/1958
335,US00335,Sayer Antrim,Antrim,Ukrainka,23/06/1995
336,US00336,Vergil Denley,Denley,Synya,17/02/2020
337,US00337,Tamar Ellson,Ellson,Saint-Gratien,07/03/1999
338,US00338,Rossy Ruberti,Ruberti,Villa Yapacaní,24/07/2001
339,US00339,Jeff O' Mara,O' Mara,Staré Hradiště,25/04/1986
340,US00340,Ingaborg Downing,Downing,Alegrete,04/12/2012
341,US00341,Margaretha Kinsett,Kinsett,Boticas,24/02/2016
342,US00342,Lyman Nelissen,Nelissen,Sant Cugat Del Valles,13/07/2011
343,US00343,Dev Crippin,Crippin,James Craik,08/09/1954
344,US00344,Leonore Huygen,Huygen,Wonoharjo,23/05/2011
345,US00345,Babita Assur,Assur,Kut Chum,23/12/1999
346,US00346,Kitty Pinfold,Pinfold,Jikamshi,07/09/1960
347,US00347,Alena Remington,Remington,Antas,02/08/1975
348,US00348,Lela Thiolier,Thiolier,Xianghua,09/08/1973
349,US00349,Nestor Waistell,Waistell,San Juan de los Morros,01/09/1992
350,US00350,Zola Lune,Lune,Ust’-Omchug,04/09/1976
351,US00351,Benedetta Jellings,Jellings,Qianpai,24/08/2015
352,US00352,Rufus Trenbay,Trenbay,Hägersten,16/11/1960
353,US00353,Phyllys Feaver,Feaver,West End,10/12/2014
354,US00354,Wynne Giblett,Giblett,Camplong,16/10/1971
355,US00355,Jarib Ajean,Ajean,Tabu,09/12/1983
356,US00356,Judd Beet,Beet,Ivanishchi,22/03/2000
357,US00357,Oswald Arnholtz,Arnholtz,Petrich,07/01/2010
358,US00358,Isaac Pheasey,Pheasey,Agrela,30/05/1978
359,US00359,Cindee Capun,Capun,Marks,13/06/2012
360,US00360,Prue Geke,Geke,Chambéry,04/09/2018
361,US00361,Casey Oakenford,Oakenford,Hamburg,16/10/2012
362,US00362,Skyler Ivshin,Ivshin,Yunlong,28/07/1973
363,US00363,Cristy Kidman,Kidman,Carumas,20/12/2000
364,US00364,Renate Huggens,Huggens,Göteborg,30/10/1971
365,US00365,Cleon Hodge,Hodge,Tuanjie,30/08/1970
366,US00366,Randie Ledamun,Ledamun,Chelyabinsk,15/05/2007
367,US00367,Goldina Siddons,Siddons,Xincheng,09/12/2009
368,US00368,Annmaria Harmant,Harmant,Yangsan,22/07/1988
369,US00369,Tatiania Caldera,Caldera,Emiliano Zapata,22/11/1995
370,US00370,Rosanne Canner,Canner,Ngunguru,08/02/1984
371,US00371,Veronique Alibone,Alibone,Murici,29/12/2009
372,US00372,Konrad Berrane,Berrane,Bol,24/03/2009
373,US00373,Beryle Cook,Cook,Ḩawsh ‘Īsá,23/08/1974
374,US00374,Phyllida Ratlee,Ratlee,Kuzhorskaya,04/03/1976
375,US00375,Merci Djorvic,Djorvic,Pristina,18/11/2002
376,US00376,Jania MacDuff,MacDuff,Yunxi,25/06/1957
377,US00377,Renell Whitley,Whitley,Sambonggede,16/05/1963
378,US00378,Kathye Balbeck,Balbeck,Buguruslan,06/12/1993
379,US00379,Didi Freezer,Freezer,Molinos,08/04/1956
380,US00380,Selle Dary,Dary,Kishi,13/07/2019
381,US00381,Monika Deplacido,Deplacido,Santiago de los Caballeros,03/12/1970
382,US00382,Jenilee Lampbrecht,Lampbrecht,Osvaldo Cruz,19/07/1987
383,US00383,Ara Wheatman,Wheatman,Macaíba,29/03/2005
384,US00384,Delmar Bettaney,Bettaney,Los Rastrojos,16/08/2011
385,US00385,Sue De Brett,De Brett,Ménaka,06/08/2007
386,US00386,Shurlocke Davidovits,Davidovits,Buriwutung,21/11/1976
387,US00387,Brigit Wace,Wace,Phra Yuen,29/07/1972
388,US00388,Quintilla Vlasov,Vlasov,Gualeguay,03/12/1988
389,US00389,Bette-ann McShirie,McShirie,Potiskum,05/01/1983
390,US00390,Ariella Bougen,Bougen,Honolulu,02/01/1971
391,US00391,Noe Ivachyov,Ivachyov,Kouvarás,02/11/1954
392,US00392,Jillie Paulig,Paulig,Skoura,11/05/1961
393,US00393,Jozef Gueste,Gueste,Pinghu,04/10/1995
394,US00394,Niko Feaveer,Feaveer,Jingzhou,14/08/1977
395,US00395,Ware Lansley,Lansley,Vicente Guerrero,11/05/1970
396,US00396,Van Boud,Boud,Salaš Crnobarski,08/10/1967
397,US00397,Mart Neles,Neles,Sugihmukti,14/03/2019
398,US00398,Rickey McCleod,McCleod,Mar’’ina Horka,27/10/1974
399,US00399,Evaleen Climance,Climance,Ghauspur,15/11/1969
400,US00400,Emanuel Freegard,Freegard,Kadusirung Hilir,06/01/2018
401,US00401,Joellyn Abbitt,Abbitt,Santa Lucia,08/09/1955
402,US00402,Lauraine Craigg,Craigg,Åtvidaberg,15/08/2019
403,US00403,Rory Bratt,Bratt,Pailitas,12/08/2012
404,US00404,Yorgo Leyshon,Leyshon,Quixadá,01/12/2012
405,US00405,Tracie Franies,Franies,Gowa,08/10/1983
406,US00406,Colet Lambswood,Lambswood,Thomastown,03/01/1997
407,US00407,Gaspard Croney,Croney,Darong,18/04/1980
408,US00408,Annetta Poller,Poller,Mulifanua,21/02/1989
409,US00409,Amata Grabiec,Grabiec,Zhangcun,20/09/1952
410,US00410,Paddie Lazare,Lazare,Baoxia,28/01/1992
411,US00411,Kenna Dobie,Dobie,Jarabacoa,03/02/1965
412,US00412,Dylan Goretti,Goretti,Letuyi,23/03/1974
413,US00413,Lucila MacKall,MacKall,Daveluyville,13/05/1956
414,US00414,Loella Esp,Esp,Luodong,28/07/1993
415,US00415,Daloris Steeples,Steeples,Unaí,29/03/1981
416,US00416,Esther Hulstrom,Hulstrom,Torslanda,27/06/1972
417,US00417,Pansy Doul,Doul,Almenara,02/09/1957
418,US00418,Hartwell Vynarde,Vynarde,Senahú,11/03/2003
419,US00419,Venita Crooke,Crooke,Tanjungrejo Lor,11/03/1998
420,US00420,Frankie Standish-Brooks,Standish-Brooks,Topeka,17/11/1990
421,US00421,Kariotta Aberkirder,Aberkirder,Simod,17/11/1972
422,US00422,Addia Raith,Raith,Sindangsari,16/07/1973
423,US00423,Karolina Avramchik,Avramchik,Khānaqāh,19/06/1959
424,US00424,Karel Billing,Billing,Ordos,17/02/1987
425,US00425,Theo Hearfield,Hearfield,Guchang,08/02/1955
426,US00426,Marcello Loveman,Loveman,Lindome,19/04/1997
427,US00427,Theo Twatt,Twatt,Zhongshangang,22/03/1975
428,US00428,Nichole Emerson,Emerson,Ehen Hudag,22/01/1955
429,US00429,Iggie Cuniam,Cuniam,Bosobolo,16/01/2009
430,US00430,Estele Tolcher,Tolcher,Pingpo,31/03/1976
431,US00431,Sashenka Sancroft,Sancroft,Huayuan,09/01/1978
432,US00432,Arnie Brinicombe,Brinicombe,Sélestat,14/08/2000
433,US00433,Alistair Pennone,Pennone,Sundre,25/11/1990
434,US00434,Elissa Tricker,Tricker,Lesozavodsk,06/03/1987
435,US00435,Lucius Bennett,Bennett,Carregueira,01/06/2016
436,US00436,Jose Rilston,Rilston,Montélimar,21/06/1974
437,US00437,Natalya Bompas,Bompas,Nyanga,24/10/2018
438,US00438,Elroy Titley,Titley,Cikijing,22/04/1992
439,US00439,Siana Rowlson,Rowlson,Jiaze,20/08/2017
440,US00440,Vivia Poleykett,Poleykett,Niafunké,05/01/1968
441,US00441,Doloritas Musicka,Musicka,Kisii,18/01/1967
442,US00442,Charlean Tims,Tims,Aizkraukle,22/09/1957
443,US00443,Buffy Goldsworthy,Goldsworthy,Shizunai-furukawachō,10/12/2017
444,US00444,Jacenta Matzeitis,Matzeitis,Dongbang,30/01/2020
445,US00445,Rori Lock,Lock,A dos Cunhados,18/09/2005
446,US00446,Gilda Shoebridge,Shoebridge,Verba,19/03/2005
447,US00447,Jayme Stanfield,Stanfield,Los Pinos,29/09/2011
448,US00448,Marcellina Feldmark,Feldmark,Lyon,16/05/1983
449,US00449,Fulton Fugere,Fugere,Gbarnga,07/11/1976
450,US00450,Lotte Dudenie,Dudenie,Tsyelyakhany,04/04/1975
451,US00451,Shelli FitzAlan,FitzAlan,Burnaby,30/09/1962
452,US00452,Ulrike Stallion,Stallion,Borok,06/04/1959
453,US00453,Stacie Brandone,Brandone,Pinhal de Frades,10/11/1979
454,US00454,Brannon Haggart,Haggart,Hrabyně,29/08/1955
455,US00455,Neddie Frary,Frary,Kokemäki,02/03/1986
456,US00456,Rafe Strutt,Strutt,Yeyik,09/02/1979
457,US00457,Correy Thoumas,Thoumas,Nauchnyy Gorodok,28/06/2016
458,US00458,Sutherlan Garlette,Garlette,Santa Teresa,05/09/1960
459,US00459,Jo-anne Pettis,Pettis,Yuejin,03/11/1956
460,US00460,Brien Greet,Greet,Yenakiyeve,31/07/1985
461,US00461,Gris Litzmann,Litzmann,Baxiangshan,16/01/2006
462,US00462,Hamid Leitch,Leitch,Hengshi,16/12/1962
463,US00463,Berton Craker,Craker,Doong,04/12/1953
464,US00464,Star Seabon,Seabon,Melita,01/04/2019
465,US00465,Morley Rewbottom,Rewbottom,Dal’neye Konstantinovo,12/03/1969
466,US00466,Joell Nano,Nano,Daze,18/08/1961
467,US00467,Doug Renak,Renak,Klenčí pod Čerchovem,13/11/1955
468,US00468,Caria Hellwich,Hellwich,Macau,15/09/2014
469,US00469,Halli Britton,Britton,São João del Rei,11/03/1978
470,US00470,Darren Eves,Eves,San Antonio,14/04/2017
471,US00471,Tootsie Judge,Judge,Az̧ Z̧a‘āyin,10/05/2014
472,US00472,Colan Guilford,Guilford,Cikulahan,13/08/1977
473,US00473,Cathee Ricardot,Ricardot,Chīchāwatni,04/10/1966
474,US00474,Fonz Barribal,Barribal,Saint-Félicien,23/07/1981
475,US00475,Donella Longbottom,Longbottom,Foz do Arelho,05/08/2006
476,US00476,Eileen Suller,Suller,Sankeng,29/04/1999
477,US00477,Arri Castillon,Castillon,Paris 11,24/12/2012
478,US00478,Kimmy Marquis,Marquis,Mungkin,19/03/1972
479,US00479,Kelcy Bannister,Bannister,Klippan,24/12/1960
480,US00480,Natalina Sammut,Sammut,Haihui,30/12/2007
481,US00481,Cammy Penniell,Penniell,Liangnong,08/09/1978
482,US00482,Liam Elmhurst,Elmhurst,Quebrada de Arena,11/08/1986
483,US00483,Drugi Fawcitt,Fawcitt,Añatuya,09/09/1983
484,US00484,Una Whapham,Whapham,Xishui,29/09/2010
485,US00485,Evy Juster,Juster,Sakata,14/07/1994
486,US00486,Matthaeus Leachman,Leachman,Jingzhou,22/02/1958
487,US00487,Inga McGinlay,McGinlay,Propriá,22/03/1993
488,US00488,Harry Torrecilla,Torrecilla,Hermosa,30/01/2006
489,US00489,Dredi Coverley,Coverley,Nūrābād,05/12/1964
490,US00490,Bibi Rothon,Rothon,Opatów,15/12/2010
491,US00491,Dolf Pottes,Pottes,Yangshufang,19/02/1983
492,US00492,Hersch Adolphine,Adolphine,Muranovo,29/07/1984
493,US00493,Loella Spurling,Spurling,Manadhoo,19/05/1955
494,US00494,Antoine Kristoffersson,Kristoffersson,Nova Granada,07/09/2004
495,US00495,Omar Huskinson,Huskinson,Filiátes,22/02/1999
496,US00496,Kerk Greenstreet,Greenstreet,Vavozh,22/06/1989
497,US00497,Wheeler Leggan,Leggan,El Colorado,01/02/1975
498,US00498,Karlens Huws,Huws,La Victoria,02/01/2008
499,US00499,Shandee Lamputt,Lamputt,Paris 13,18/07/1968
500,US00500,Sawyere Craghead,Craghead,Kočevje,28/11/1960
501,US00501,Myrtice Brant,Brant,Ōita,06/07/1974
502,US00502,Cal Charlo,Charlo,Litian,22/03/2006
503,US00503,Wilfrid Billison,Billison,Pushkino,06/04/1966
504,US00504,Christos Holdworth,Holdworth,Gongji,26/08/1988
505,US00505,Boycie Wingham,Wingham,Zhishan,06/01/1963
506,US00506,Edmund Martinson,Martinson,A-da-Gorda,19/06/1950
507,US00507,Glenn Crosse,Crosse,Luzhuangzi,25/11/1962
508,US00508,Esdras Waltering,Waltering,Saverne,13/09/1985
509,US00509,Arnie Gecke,Gecke,Karangora,17/12/2013
510,US00510,Vickie Robberts,Robberts,Sironko,05/04/1981
511,US00511,Deirdre Waszkiewicz,Waszkiewicz,Halteu,23/01/2001
512,US00512,Giraud Duetsche,Duetsche,Lukićevo,03/01/1967
513,US00513,Rey Bonellie,Bonellie,Sampués,02/01/1953
514,US00514,Dennie Beviss,Beviss,Passo,08/12/1962
515,US00515,Rhoda Ratke,Ratke,Itatinga,10/08/1992
516,US00516,Vaughan Bourgour,Bourgour,Larache,08/08/1993
517,US00517,Devi Chasmor,Chasmor,Karangboyo,28/12/1961
518,US00518,Raleigh Hards,Hards,Sainte-Anne-des-Monts,22/02/1972
519,US00519,Brion Simenel,Simenel,Tangxi,15/09/1973
520,US00520,Brietta Aish,Aish,Rosebank,28/05/1996
521,US00521,Towny Bream,Bream,Kelowna,14/09/1961
522,US00522,Caro Sarginson,Sarginson,Vilarinho da Castanheira,14/07/2015
523,US00523,Vivianne Dulake,Dulake,Shazhuang,29/02/2008
524,US00524,Lynnelle Carnduff,Carnduff,Upton,28/04/1955
525,US00525,Juliane Bantock,Bantock,Esperanza,24/12/1990
526,US00526,Merrel Vassie,Vassie,Ivanivka,16/04/1976
527,US00527,Thorstein Franssen,Franssen,Cihe,20/03/2002
528,US00528,Frederich Binestead,Binestead,Mencon,11/05/1952
529,US00529,Hedvige Gudeman,Gudeman,Không,10/12/1963
530,US00530,Hewe Petraitis,Petraitis,Lundo,12/08/1953
531,US00531,Maren Tellett,Tellett,San Juan Pueblo,10/09/2003
532,US00532,Isaiah Tewes,Tewes,Kannabechō-yahiro,14/10/1963
533,US00533,Nigel Mouncey,Mouncey,Tver,02/08/2004
534,US00534,Gene Merton,Merton,Batas Barat,30/12/2011
535,US00535,Lelah Duran,Duran,Nowy Dwór Gdański,11/02/1955
536,US00536,Darryl Hanney,Hanney,Jelcz,31/01/2013
537,US00537,Kassi Bouda,Bouda,Maastricht,04/08/2012
538,US00538,Anet Crosher,Crosher,Pondokwungu,26/09/1968
539,US00539,Dede Griffithe,Griffithe,Conel,18/01/1990
540,US00540,Constantine Riches,Riches,Aūa,18/10/1961
541,US00541,Abeu Orring,Orring,Santiago,14/02/1986
542,US00542,Derby Willshaw,Willshaw,Thiais,14/03/1979
543,US00543,Harrietta Ayling,Ayling,Kolomyya,12/04/2019
544,US00544,Grethel Gallienne,Gallienne,Ternopil’,20/12/1974
545,US00545,Celine Chrisp,Chrisp,Natonin,16/12/2000
546,US00546,Mickie McKerron,McKerron,Cergy-Pontoise,10/06/2001
547,US00547,Carita Sherred,Sherred,San Antonio,19/05/2019
548,US00548,Scotty Portail,Portail,Chişinău,13/11/2004
549,US00549,Ines Scare,Scare,Damayan,16/01/1988
550,US00550,Skipton Blaszkiewicz,Blaszkiewicz,Sundumbili,05/01/1984
551,US00551,Beauregard Dorant,Dorant,Omaruru,31/01/2017
552,US00552,Nappy Want,Want,Fuxing,21/02/1981
553,US00553,Sandy Balstone,Balstone,Zhengchang,11/10/2016
554,US00554,Skelly Ganter,Ganter,Miguel Hidalgo,18/11/1985
555,US00555,Ulrica Rabson,Rabson,Pangian,01/12/1989
556,US00556,Chastity Darque,Darque,Suwon-si,25/11/1980
557,US00557,Quint Songest,Songest,Agodim,16/07/1968
558,US00558,Bard Isted,Isted,Helixi,28/02/2017
559,US00559,Mercy Peschka,Peschka,Saint Helier,23/07/2008
560,US00560,Carce Bisacre,Bisacre,Stąporków,03/02/1965
561,US00561,Herve Ubanks,Ubanks,Uva,13/03/1970
562,US00562,Shir Allenby,Allenby,Żabia Wola,03/06/1985
563,US00563,Urson Yeowell,Yeowell,Vân Canh,11/11/1979
564,US00564,Elvin MacBey,MacBey,Calapan,27/10/1981
565,US00565,Jacinda Leyman,Leyman,Tongyuanpu,20/02/1989
566,US00566,Angele Croy,Croy,Kaset Wisai,18/10/1967
567,US00567,Brigid Rickarsey,Rickarsey,Magomeni,23/06/1999
568,US00568,Jordain Worstall,Worstall,Kemijärvi,12/01/1994
569,US00569,Twyla Bass,Bass,Simões Filho,02/11/1996
570,US00570,Blayne Twomey,Twomey,Alupay,10/09/1990
571,US00571,Wallis Kaman,Kaman,Hengshan,05/06/2005
572,US00572,Teodorico Saphin,Saphin,Tafraout,14/03/2004
573,US00573,Gianni Fontaine,Fontaine,Caromatan,19/10/1955
574,US00574,Kipp Helleker,Helleker,Alangalang,23/07/1991
575,US00575,Odelinda Rankine,Rankine,Behbahān,05/09/1959
576,US00576,Irvine Sproul,Sproul,Palkino,31/10/2013
577,US00577,Hedda Whatham,Whatham,Banjarbaru,18/09/1957
578,US00578,Shermy Dallemore,Dallemore,Maguan,10/11/1958
579,US00579,Siegfried Mobley,Mobley,Aţ Ţafīlah,28/06/1996
580,US00580,Gisela Olivetti,Olivetti,Shitang,20/02/1973
581,US00581,Gustave McConnell,McConnell,Gandapura,17/03/1981
582,US00582,Linette Pickersail,Pickersail,El Limon,06/11/1991
583,US00583,Karoline Robak,Robak,Avignon,20/03/1970
584,US00584,Kalie Metzig,Metzig,Fengxizhai,27/12/1967
585,US00585,Gardie Kem,Kem,Wengtian,15/07/1991
586,US00586,Caresse McKinstry,McKinstry,Muurla,02/06/1951
587,US00587,Doretta Brunnstein,Brunnstein,Peruc,18/08/2007
588,US00588,Stepha Lange,Lange,Nantuo,15/09/1950
589,US00589,Aurthur Imlen,Imlen,Krivodanovka,06/10/1955
590,US00590,Delainey Penning,Penning,Wuxing,12/06/2009
591,US00591,Marjorie Cattach,Cattach,Weichanglu,29/04/1994
592,US00592,Roman Newcome,Newcome,Lewoeleng,16/10/1986
593,US00593,Lief Jenken,Jenken,Sinop,29/08/1983
594,US00594,Adams Russell,Russell,Parung,22/10/2002
595,US00595,Oralla Jeanenet,Jeanenet,Camajuaní,17/08/1972
596,US00596,Querida Brodeau,Brodeau,Martyush,17/05/1981
597,US00597,Mervin Porte,Porte,Chumphon Buri,15/05/1966
598,US00598,Belvia Jozefczak,Jozefczak,Nikolo-Pavlovskoye,04/09/2012
599,US00599,Nerissa McClay,McClay,Nangong,11/10/2015
600,US00600,Egon Anselmi,Anselmi,Tandayag,22/11/2000
601,US00601,Bryanty Neubigin,Neubigin,Baumata,26/11/1989
602,US00602,Ambrose Meadmore,Meadmore,Nashville,20/09/2008
603,US00603,Brynn Mackerness,Mackerness,Pananaw,05/01/1972
604,US00604,Deonne Dalgliesh,Dalgliesh,Jaguarão,17/04/1960
605,US00605,Quentin Cotgrove,Cotgrove,Järna,09/12/2012
606,US00606,Benny Lammerts,Lammerts,Yanbei,14/03/1962
607,US00607,Myron Willbourne,Willbourne,Tromsø,23/03/2014
608,US00608,Maryjo McDonald,McDonald,Riah,06/11/1981
609,US00609,Baxie Tansley,Tansley,Velika Kladuša,03/09/1986
610,US00610,Ellynn Furmenger,Furmenger,Saint-Jérôme,28/04/2015
611,US00611,Ezri Usher,Usher,Talok,23/06/2003
612,US00612,Salem Di Carlo,Di Carlo,Bayanan,01/11/1975
613,US00613,Marj Bockman,Bockman,Jalālābād,10/03/1952
614,US00614,Deane Deetch,Deetch,Jianxin,07/06/2009
615,US00615,Darsey Tarburn,Tarburn,Ręczno,29/08/1992
616,US00616,Belicia Pink,Pink,Concepción,31/03/2006
617,US00617,Etti Vedyashkin,Vedyashkin,Šentvid pri Stični,10/03/1999
618,US00618,Harwell Fillary,Fillary,Wobulenzi,18/12/1956
619,US00619,Gian Donovin,Donovin,Teslić,31/12/1951
620,US00620,Mara Bernholt,Bernholt,Del Monte,05/01/2014
621,US00621,Nero Pogg,Pogg,København,08/12/1995
622,US00622,Inness Emmer,Emmer,Aldergrove,28/05/1982
623,US00623,Honor Vernau,Vernau,Masis,06/10/1968
624,US00624,Cissy Waadenburg,Waadenburg,Santa Rosa de Aguán,19/07/1967
625,US00625,Prentice Hembling,Hembling,Phú Mỹ,29/11/1954
626,US00626,Hynda McCreedy,McCreedy,Kalangsari,04/04/1990
627,US00627,Conrade Jessel,Jessel,Jianshan,12/05/2010
628,US00628,Ursulina Werner,Werner,Skibbereen,14/08/1954
629,US00629,Eran O'Duane,O'Duane,Guanchi,13/02/1966
630,US00630,Ramon Winning,Winning,Pozo Hondo,09/08/1989
631,US00631,Emelina Wilsher,Wilsher,Olonets,31/03/1962
632,US00632,Brion Massei,Massei,Lavradio,20/05/1984
633,US00633,Dunstan Gann,Gann,La Francia,05/11/2009
634,US00634,Bronson Chrstine,Chrstine,Louisville,29/03/1991
635,US00635,Gratia Dyter,Dyter,Best,11/12/1976
636,US00636,Chickie Audas,Audas,Sanxi,30/05/1963
637,US00637,Melina Orro,Orro,Tamanan,27/05/2018
638,US00638,Ingeberg Ruvel,Ruvel,São João da Boa Vista,30/11/1956
639,US00639,Ethelyn Heaselgrave,Heaselgrave,Sainte-Sophie,27/05/2008
640,US00640,Merrili Twinterman,Twinterman,Ārifwāla,04/06/1965
641,US00641,Shane Esselin,Esselin,Tomdibuloq,10/04/1989
642,US00642,Theresa Poone,Poone,Bamenda,24/08/1950
643,US00643,Laurie Rothert,Rothert,Curitibanos,04/04/1999
644,US00644,Reuven Donizeau,Donizeau,Cuogang,04/09/1957
645,US00645,Saleem Riddett,Riddett,Tangdong,28/08/2002
646,US00646,Urbano Santer,Santer,Ludu,17/12/2019
647,US00647,Phineas Cogswell,Cogswell,Waru,20/09/1952
648,US00648,Reade Baxter,Baxter,San José de Bocay,10/06/1993
649,US00649,Avrom Javes,Javes,São Luís de Montes Belos,26/11/1976
650,US00650,Trstram Jambrozek,Jambrozek,Tuchów,21/03/1999
651,US00651,Pietrek Argue,Argue,Harrison,11/08/1963
652,US00652,Biddy Boar,Boar,Lubin,03/01/1955
653,US00653,Etti Langley,Langley,Torrão,03/11/1964
654,US00654,Hakeem Barfitt,Barfitt,Skövde,03/03/2004
655,US00655,Georgetta Rowney,Rowney,Visby,19/11/1971
656,US00656,Alexandro Cresswell,Cresswell,Mīr Bachah Kōṯ,12/08/1967
657,US00657,Armstrong Epdell,Epdell,Baofeng,18/11/2011
658,US00658,Nichole Verson,Verson,Notre Dame,08/10/1991
659,US00659,Arvy Dornin,Dornin,Fontainebleau,30/01/2019
660,US00660,Olivie McKall,McKall,Weixin,05/01/1969
661,US00661,Henrieta Carah,Carah,Yangpu,09/02/2013
662,US00662,Tonia Defau,Defau,Atlanta,06/11/2015
663,US00663,Berty Giovannoni,Giovannoni,Linköping,22/08/1959
664,US00664,Correna Bickmore,Bickmore,Ozalj,08/05/2018
665,US00665,Mitchell Cowlin,Cowlin,Laojie,08/10/1959
666,US00666,Vincents Fetteplace,Fetteplace,Talangbetutu,11/08/1969
667,US00667,Alysia Picott,Picott,Estoi,17/11/1977
668,US00668,Rayna Eliasen,Eliasen,Lanigan,04/09/1988
669,US00669,Courtenay Lanphere,Lanphere,Čačinci,27/12/1956
670,US00670,Hi Bartlomiej,Bartlomiej,Palma De Mallorca,30/01/2007
671,US00671,Bogey Letham,Letham,Monte da Chaminé,19/08/1990
672,US00672,Othilie Handscomb,Handscomb,Balyaga,07/07/1977
673,US00673,Randall Challenger,Challenger,Xihongmen,12/12/1997
674,US00674,Felicio Roche,Roche,Tomsk,01/04/1973
675,US00675,Ward Gillino,Gillino,Nakama,16/12/1967
676,US00676,Thekla Seger,Seger,Solna,05/06/2007
677,US00677,Schuyler Patriskson,Patriskson,Peso da Régua,22/04/1956
678,US00678,Cassandra Toun,Toun,Oljoq,25/03/1979
679,US00679,Dicky Entwisle,Entwisle,Lancaster,22/03/1952
680,US00680,Glen Oliva,Oliva,Itapecerica,18/07/1968
681,US00681,Shirlene Shury,Shury,Joroinen,31/07/1965
682,US00682,Talya Enderlein,Enderlein,Utrecht (stad),26/01/1990
683,US00683,Selby Oxley,Oxley,Carvalho,25/11/2008
684,US00684,Rouvin Reddlesden,Reddlesden,Taipingzhuang,11/12/2014
685,US00685,Amara Silverthorn,Silverthorn,Gérakas,10/02/1976
686,US00686,Robb Franz,Franz,Ţūbās,14/04/2009
687,US00687,Garold Salsberg,Salsberg,Cabucgayan,11/01/2008
688,US00688,Meghan Ayerst,Ayerst,Fengting,22/01/1966
689,US00689,Hannie Dymond,Dymond,Tamanan,16/12/1996
690,US00690,Gerhardine Rosi,Rosi,Zhaogezhuang,29/06/1975
691,US00691,Norah Hartland,Hartland,Kahama,21/10/1964
692,US00692,Ariela Trusslove,Trusslove,Honghe,08/04/1970
693,US00693,Ivonne Ramsier,Ramsier,Dzwola,18/12/1984
694,US00694,Vonny Gothliff,Gothliff,Perdões,03/02/1976
695,US00695,Letty Kleanthous,Kleanthous,Seaton,01/07/1962
696,US00696,Karly Tomankowski,Tomankowski,Obubra,07/09/1964
697,US00697,Cindee Padmore,Padmore,Santa Rosa,22/10/1999
698,US00698,Theresina Habbergham,Habbergham,Biñan,16/02/2016
699,US00699,Charin Staker,Staker,Montijo,24/08/1971
700,US00700,Georgie Coulman,Coulman,Curumaní,19/07/1977
701,US00701,Tyler Skeates,Skeates,Cipolletti,27/01/2006
702,US00702,Elsinore Tyreman,Tyreman,Passal,24/10/1996
703,US00703,Carlotta Adiscot,Adiscot,Gogaran,24/06/1951
704,US00704,Ludovico Studd,Studd,Kazimierz Dolny,24/01/1962
705,US00705,Kaiser Caldecot,Caldecot,Tyvriv,30/03/1968
706,US00706,Renaud Gallifont,Gallifont,Cabucgayan,11/09/2000
707,US00707,Gery Tamsett,Tamsett,Wuxiang,12/04/1974
708,US00708,Monroe Dunkirk,Dunkirk,Hanchang,04/01/2009
709,US00709,Sidnee Alchin,Alchin,Maebashi-shi,20/01/1974
710,US00710,Vinnie Matyashev,Matyashev,Semënov,25/10/1998
711,US00711,Rafael Eatock,Eatock,Langgen,06/09/1988
712,US00712,Christine Boggish,Boggish,Sudoměřice,07/12/1973
713,US00713,Broderic Fencott,Fencott,Pindangan Centro,31/07/1956
714,US00714,Candra Olekhov,Olekhov,Emiliano Zapata,29/10/1991
715,US00715,Jyoti Hun,Hun,Goryachevodskiy,18/07/2016
716,US00716,Jerome Amsberger,Amsberger,Karangintan,03/01/1983
717,US00717,Denys Mount,Mount,Pogwizdów,09/08/2009
718,US00718,Nichole Millsap,Millsap,Koran,14/08/1991
719,US00719,Krystyna Picard,Picard,Kangping,26/08/1993
720,US00720,Beulah Plane,Plane,Cajamarca,31/10/2018
721,US00721,Cam Frankis,Frankis,Barubandung,16/03/1972
722,US00722,Shelia Verney,Verney,Zhapu,03/01/1965
723,US00723,Jacintha Paddison,Paddison,Tupã,09/09/1956
724,US00724,Nikos Rosendall,Rosendall,Hanušovice,17/12/2018
725,US00725,Felicle Ilden,Ilden,Xiashuitou,18/01/1980
726,US00726,Quincy Groven,Groven,Santol,30/03/2003
727,US00727,Say Weatherburn,Weatherburn,Neiba,24/08/1969
728,US00728,Orelee Weekly,Weekly,Conde,29/05/1983
729,US00729,Seward Laxston,Laxston,Ngilengan,08/10/1966
730,US00730,Cindi Joint,Joint,Orly,24/10/2014
731,US00731,Angil Marrett,Marrett,Sanli,28/08/1966
732,US00732,Hyatt Cotherill,Cotherill,Xinquan,29/04/1994
733,US00733,Candida Codman,Codman,Lesogorsk,11/08/2013
734,US00734,Sayer Arlott,Arlott,Bulbul,06/12/2000
735,US00735,Ker Chmarny,Chmarny,Ivry-sur-Seine,15/09/1959
736,US00736,Amelia Caulliere,Caulliere,Irirum,09/02/1996
737,US00737,Jameson Filkin,Filkin,Baraguá,21/08/1996
738,US00738,Gill Shaves,Shaves,Topolovgrad,25/10/1980
739,US00739,Camey Gilbody,Gilbody,Tiantai,15/08/1963
740,US00740,Chadwick Canavan,Canavan,Boldumsaz,12/05/1972
741,US00741,Keelia Hanwell,Hanwell,Härnösand,19/02/1968
742,US00742,Clerissa Halstead,Halstead,Fanzhuang,30/07/2016
743,US00743,Maire Millican,Millican,Naperville,10/09/2001
744,US00744,Scotty Champion,Champion,Laban,13/06/1982
745,US00745,Tressa Philliskirk,Philliskirk,Gugut,19/03/1994
746,US00746,Katheryn Luty,Luty,Songfeng,20/11/1993
747,US00747,Grantley Walentynowicz,Walentynowicz,Garden Grove,01/03/1962
748,US00748,Penny Lindop,Lindop,Detroit,23/07/1964
749,US00749,Malanie Aicheson,Aicheson,Lipce Reymontowskie,16/09/2010
750,US00750,Ortensia Gurney,Gurney,Baraba,19/08/2019
751,US00751,Trenton Theml,Theml,Rabaul,03/06/1973
752,US00752,Sandi Perillo,Perillo,Ilinden,27/02/1963
753,US00753,Genna Halfacre,Halfacre,Dubiecko,16/11/1988
754,US00754,Correy Ghidoni,Ghidoni,Lawrenceville,02/07/2003
755,US00755,Arliene Ferrillio,Ferrillio,Vista Hermosa,05/02/1952
756,US00756,Clerissa Marrion,Marrion,Tsirang,16/02/1958
757,US00757,Kyle Klimashevich,Klimashevich,Gayam,12/09/2019
758,US00758,Sybil Evers,Evers,Tinampo,06/11/1991
759,US00759,Nelie Dymoke,Dymoke,Volnovakha,05/07/1991
760,US00760,Clay Weedall,Weedall,Ḩadādah,09/05/2001
761,US00761,Gunilla Carreck,Carreck,Nizhniy Tagil,13/03/1998
762,US00762,Seth Brownjohn,Brownjohn,Emiliano Zapata,18/11/1986
763,US00763,Jillana Freegard,Freegard,Fauske,12/10/1968
764,US00764,Joyann Commings,Commings,Lazaro Cardenas,16/08/2001
765,US00765,Arny Erdely,Erdely,Barengkok,23/07/2002
766,US00766,Ernesta Rawcliffe,Rawcliffe,Camabatela,13/03/1997
767,US00767,Krystal Creak,Creak,Bragança Paulista,15/10/1983
768,US00768,Jaymie Silcox,Silcox,Göteborg,31/03/1960
769,US00769,Guendolen Whatson,Whatson,Panyuran,14/04/1981
770,US00770,Jed Kemmey,Kemmey,Ngaruawahia,15/10/1953
771,US00771,Lilas New,New,Cadiz,24/09/1977
772,US00772,Ianthe Gianasi,Gianasi,São Borja,09/03/1970
773,US00773,Andie Toppin,Toppin,Pardelhas,24/03/2001
774,US00774,Hammad Birchenhead,Birchenhead,Yong’an,22/03/1988
775,US00775,Dilan Meachen,Meachen,Tagbacan Ibaba,12/05/2010
776,US00776,Sly McMychem,McMychem,Veselynove,26/09/1967
777,US00777,Reinald Ratie,Ratie,Zborovice,10/06/1965
778,US00778,Reinald Febre,Febre,Tournai,29/06/1998
779,US00779,Bethena Bolter,Bolter,Tengqiao,26/07/1969
780,US00780,Sydney Pobjay,Pobjay,Harjamukti,18/09/1978
781,US00781,Guthrey Rutigliano,Rutigliano,Marigot,30/07/2007
782,US00782,Katharyn Rumble,Rumble,Aurora,14/03/2004
783,US00783,Inness Byart,Byart,Mandera,05/05/1972
784,US00784,Carson Boddie,Boddie,Lucban,02/06/2014
785,US00785,Marylinda Goodbar,Goodbar,Pivovarikha,04/08/2004
786,US00786,Meryl Coppins,Coppins,Kalinovo,24/03/1967
787,US00787,Marmaduke Demange,Demange,Lokot’,24/11/1993
788,US00788,Charleen Hanselmann,Hanselmann,Asino,09/08/2015
789,US00789,Maison Symcoxe,Symcoxe,Węgry,28/10/2008
790,US00790,Jasen Lantry,Lantry,Bukovany,07/05/1973
791,US00791,Yehudit Kindle,Kindle,Jingzhou,24/04/1971
792,US00792,Lianna Bakey,Bakey,Plakhtiyivka,28/02/1969
793,US00793,Padget Skpsey,Skpsey,Chixi,30/04/1965
794,US00794,Pepita Loren,Loren,'s-Hertogenbosch,27/12/2009
795,US00795,Tracy Northcote,Northcote,Nagiba,12/10/1978
796,US00796,Augusto Alwen,Alwen,Koudougou,30/09/1962
797,US00797,Yorgo Vizor,Vizor,Arras,06/07/1981
798,US00798,Liam Wildey,Wildey,Tyresö,27/05/1986
799,US00799,Yard Fruchter,Fruchter,Portland,14/03/2006
800,US00800,Gawen Barden,Barden,Kegeyli Shahar,25/05/1956
801,US00801,Andra Worssam,Worssam,Grazhdanka,21/06/1981
802,US00802,Friedrick De Matteis,De Matteis,Taivalkoski,03/02/2013
803,US00803,Kessiah Harland,Harland,Laocheng,28/02/1969
804,US00804,Kara-lynn Pearn,Pearn,Yaogou,19/07/1961
805,US00805,Ewen Markwick,Markwick,Tangpu,13/09/1992
806,US00806,Lesli Carley,Carley,Sagarejo,27/04/1955
807,US00807,Alta Coldicott,Coldicott,Pingba,09/04/1973
808,US00808,Pier Tourle,Tourle,Luwingu,26/04/2006
809,US00809,Hestia Orsman,Orsman,Loei,07/11/1970
810,US00810,Carma MacCheyne,MacCheyne,Fria,18/04/2020
811,US00811,Gawain Aberhart,Aberhart,Comapa,24/09/1994
812,US00812,Hermia McMillam,McMillam,La Montañita,01/05/1993
813,US00813,Lolly Gippes,Gippes,Arroyo Salado,05/08/2002
814,US00814,Bertrand Le Marquand,Le Marquand,Jitan,02/11/1965
815,US00815,Monica Kyrkeman,Kyrkeman,Tungol,12/05/1965
816,US00816,Austin Lutwidge,Lutwidge,Tutup,16/05/1993
817,US00817,Laverna Ravenhills,Ravenhills,Oefatu,11/04/2003
818,US00818,Cariotta Smeal,Smeal,Xinmen,12/08/1973
819,US00819,Sydney McGettigan,McGettigan,Shah Alam,07/04/1980
820,US00820,Delbert Yarn,Yarn,Parang,17/04/1982
821,US00821,Thornie Jagielski,Jagielski,Nguigmi,06/02/2009
822,US00822,Shandy Bonar,Bonar,Dehī,18/05/1953
823,US00823,Amata Whild,Whild,Houping,30/01/1954
824,US00824,Rosamund Carlon,Carlon,Paris La Défense,03/05/2020
825,US00825,Layton Blesli,Blesli,Đình Lập,01/08/2014
826,US00826,Eolanda Ramsell,Ramsell,Aldeia da Bela Vista,21/01/1964
827,US00827,Fairlie Vasnetsov,Vasnetsov,Brive-la-Gaillarde,26/10/1992
828,US00828,Storm Jerrand,Jerrand,Hobonio,02/03/1987
829,US00829,Netty Garfit,Garfit,La Francia,14/01/1964
830,US00830,Tanner Beetles,Beetles,Xinli,26/02/1998
831,US00831,Gannie Polsin,Polsin,Alepoú,21/05/2016
832,US00832,Corrinne Jobbins,Jobbins,Río Limpio,26/09/1986
833,US00833,Carolee Vasler,Vasler,Hexi,05/03/1998
834,US00834,Brod Vallerine,Vallerine,Ipís,20/04/2008
835,US00835,Kahaleel Weare,Weare,Неготино,16/02/1988
836,US00836,Merrick Pykerman,Pykerman,Samur,23/05/1966
837,US00837,Modestine Possell,Possell,Domampot,03/06/1956
838,US00838,Dorine Fishpoole,Fishpoole,Tongqian,03/06/1958
839,US00839,Meghan Westnage,Westnage,Springfield,13/07/2010
840,US00840,Rog Domelaw,Domelaw,Manturovo,10/04/2003
841,US00841,Gaspar Balsdon,Balsdon,Shuizhai,23/08/2008
842,US00842,Evelyn Humpherston,Humpherston,Cabadiangan,09/12/1963
843,US00843,Tilly Shaw,Shaw,Yuktae-dong,17/06/1994
844,US00844,Patrick Stroyan,Stroyan,Makata,30/09/1979
845,US00845,Robinet De Carteret,De Carteret,Ngangpo,02/10/1980
846,US00846,Florrie Lecount,Lecount,Kuching,16/09/1951
847,US00847,Cole Wormald,Wormald,Mesógi,23/03/2006
848,US00848,Ernesto Lecordier,Lecordier,Jince,22/05/1999
849,US00849,Quincey Berrington,Berrington,Curuzú Cuatiá,18/04/1969
850,US00850,Timmy Gainforth,Gainforth,Kovači,08/07/2001
851,US00851,Phylys Signe,Signe,Molo,22/06/1994
852,US00852,Kris Mordanti,Mordanti,Sidem,16/10/2015
853,US00853,Cyrille Edmunds,Edmunds,Yong’an,16/04/1962
854,US00854,Roseanna Tomaselli,Tomaselli,Outeiro,21/05/1993
855,US00855,Wake Divis,Divis,Estância,04/03/2015
856,US00856,Humphrey Fairburn,Fairburn,Arras,30/11/1970
857,US00857,Edouard Barltrop,Barltrop,Jampang Tengah,01/04/1999
858,US00858,Lefty Pepperell,Pepperell,Vaiusu,07/09/1953
859,US00859,Giulio Saban,Saban,Huanggexi,05/08/1961
860,US00860,Norean Sydry,Sydry,Bayasgalant,05/01/1976
861,US00861,Shelby Chetwynd,Chetwynd,Bang Phae,26/06/1953
862,US00862,Haley Hubberstey,Hubberstey,Yelizavetinskaya,14/05/2018
863,US00863,Cherice Stallen,Stallen,Mjölby,19/02/2006
864,US00864,Anabal Hould,Hould,Thulamahashi,06/08/1961
865,US00865,Rory Guillotin,Guillotin,Cisiec,20/07/1950
866,US00866,Cash Ife,Ife,Humniska,12/05/2010
867,US00867,Andee Reape,Reape,Huanghuatan,26/09/2004
868,US00868,Bev Gregorio,Gregorio,Yūki,02/12/2002
869,US00869,Dot Clemmow,Clemmow,Ludgeřovice,02/06/1978
870,US00870,Kai Audiss,Audiss,San Juan,24/06/2007
871,US00871,Toiboid Jeduch,Jeduch,Cangqian,19/03/1956
872,US00872,Osbourne Ulyatt,Ulyatt,North Vancouver,12/02/1980
873,US00873,Haily Furtado,Furtado,Haokou,24/07/1982
874,US00874,Harlan Apthorpe,Apthorpe,Duboka,21/11/1990
875,US00875,Lyn Tomkowicz,Tomkowicz,El Carmen,10/02/1985
876,US00876,Giorgio Stoneham,Stoneham,Fort Worth,14/03/1997
877,US00877,Windham Thurston,Thurston,Tumba,08/11/2002
878,US00878,Whittaker Worsom,Worsom,Błędów,01/06/1997
879,US00879,Joli Swaine,Swaine,Nangong,24/05/1993
880,US00880,Kellen Learie,Learie,Tafraout,14/09/1995
881,US00881,Misty Arckoll,Arckoll,Obo,24/01/1956
882,US00882,Orrin Minchell,Minchell,Nóvita,06/08/2013
883,US00883,Adelice Symcox,Symcox,Ocoruro,09/08/1952
884,US00884,Gothart Smoth,Smoth,Longxi,08/06/1991
885,US00885,Kass Nacci,Nacci,Nickby,02/06/2005
886,US00886,George Billham,Billham,Khanu Woralaksaburi,17/02/1954
887,US00887,Shanan Wickins,Wickins,Kasembon,21/12/1986
888,US00888,Reggy Izkovicz,Izkovicz,Beni,21/05/2007
889,US00889,Meridel Bocken,Bocken,Santa Barbara,26/04/1984
890,US00890,Vi Siberry,Siberry,Skhodnya,01/05/2018
891,US00891,Haley Westcar,Westcar,Gaillac,10/07/1952
892,US00892,Pip Schroter,Schroter,Aguilares,30/01/1976
893,US00893,Pierre Keppe,Keppe,Volksrust,19/01/2002
894,US00894,Ashlen Taile,Taile,Komatsushimachō,05/02/1956
895,US00895,Carmen Antonowicz,Antonowicz,Vân Tùng,14/09/1993
896,US00896,Seline Le Fevre,Le Fevre,Novaya Usman’,02/08/2011
897,US00897,Urbano Hawke,Hawke,Macia,31/05/1999
898,US00898,Jacintha Dwine,Dwine,Jardim,15/05/1999
899,US00899,Ingrim Kennet,Kennet,Taltal,05/12/1977
900,US00900,Montague Battlestone,Battlestone,Carolina,14/10/1977
901,US00901,Iggy Hillett,Hillett,Fangtang,05/04/1962
902,US00902,Berny Luckham,Luckham,Nunchía,12/11/1971
903,US00903,Bradan McLarty,McLarty,Tsybulevka,12/03/1986
904,US00904,Celina Oluwatoyin,Oluwatoyin,Magisterial,05/11/1968
905,US00905,Devlin Dahlberg,Dahlberg,San Francisco,25/04/2020
906,US00906,Ashlee Coan,Coan,Łękawica,14/10/2016
907,US00907,Joellen Rentalll,Rentalll,Carreira,31/07/1966
908,US00908,Gray Tocque,Tocque,Hoima,21/11/2005
909,US00909,Raychel Stranger,Stranger,La Rochelle,27/10/1956
910,US00910,Alis Chard,Chard,Sanzhou,16/11/1990
911,US00911,Jeffie Phillp,Phillp,Guápiles,28/05/1986
912,US00912,Sutton Ringer,Ringer,Neundeut,18/02/1985
913,US00913,Carina Summons,Summons,Pukkila,07/06/1995
914,US00914,Hortensia Hammerman,Hammerman,Xinhua,14/10/2008
915,US00915,Audrie Ormistone,Ormistone,Buga,02/06/2004
916,US00916,Marya Wevell,Wevell,Xiaoqi,10/07/2011
917,US00917,Anabella Cotterill,Cotterill,Mokolo,03/09/1965
918,US00918,Jana Hadny,Hadny,Leskovac,24/10/2002
919,US00919,Gavra Schwander,Schwander,Dongzhang,04/02/1959
920,US00920,Constancy Collidge,Collidge,Rodnikovskaya,24/10/1962
921,US00921,Lesly Hawkeridge,Hawkeridge,Lac-Mégantic,09/04/1958
922,US00922,Dru Bloxholm,Bloxholm,Donghuang,21/05/1974
923,US00923,Alvira Iapico,Iapico,Berëzovskiy,09/12/1952
924,US00924,Alma Calver,Calver,Chumphon,22/09/1996
925,US00925,Dante Sodo,Sodo,San Lorenzo,16/09/1971
926,US00926,Wit Wase,Wase,Wassu,24/08/1974
927,US00927,Billie Yendle,Yendle,Bous,20/04/1965
928,US00928,Etta Talmadge,Talmadge,Jagong,24/07/2015
929,US00929,Kellyann Tann,Tann,Amnat Charoen,13/04/1973
930,US00930,Kele Santus,Santus,Ōyama,21/03/1958
931,US00931,Sunny Linebarger,Linebarger,Stockholm,05/01/2003
932,US00932,Anabelle Plaister,Plaister,San Lorenzo,27/11/2009
933,US00933,Nikolaus Tomasino,Tomasino,Mingjing,04/12/2013
934,US00934,Ailey Musterd,Musterd,Bojonggaling,24/10/1970
935,US00935,Moise Scholes,Scholes,Bulls,11/09/2017
936,US00936,Angel Marquand,Marquand,Luntas,06/02/1976
937,US00937,Elspeth Mouat,Mouat,Plymouth,09/09/1984
938,US00938,Jerrilee Staite,Staite,Edinburgh of the Seven Seas,02/12/2016
939,US00939,Cord Earley,Earley,Cotuí,08/06/1980
940,US00940,Corina McGuinness,McGuinness,Rimpeso,23/01/2010
941,US00941,Erna Sedgmond,Sedgmond,Puyang,31/07/1975
942,US00942,Aigneis Bickerstaff,Bickerstaff,Tagdanua,14/08/1959
943,US00943,Tadio Boerder,Boerder,Kijang,27/06/1988
944,US00944,Madonna Garrat,Garrat,Kan’onjichō,30/06/1981
945,US00945,Sheffield Darleston,Darleston,Dananshan,06/08/1964
946,US00946,Lianna Clementet,Clementet,Fernando de Noronha (Distrito Estadual),26/04/1981
947,US00947,Dyann Andrewartha,Andrewartha,Cibeureum,13/12/1979
948,US00948,Brinn Sandercock,Sandercock,Zhongba,14/12/1957
949,US00949,Richmound Winspire,Winspire,Gentilly,30/09/1962
950,US00950,Shaylynn Aves,Aves,Marseille,15/09/1954
951,US00951,Powell Matresse,Matresse,Yiqian,21/03/1998
952,US00952,Rudyard Patnelli,Patnelli,Huanggong,08/10/1956
953,US00953,Carce Mack,Mack,Aioi,03/06/1987
954,US00954,Donal Beagan,Beagan,Anding,24/01/1969
955,US00955,Brande Antal,Antal,Miami,11/01/1998
956,US00956,Goldarina Juza,Juza,Pawili,07/05/1993
957,US00957,Bridgette Eyree,Eyree,Caijiang,17/11/1976
958,US00958,Kelwin Kalinovich,Kalinovich,Hanjia,27/08/1988
959,US00959,Eliza Capron,Capron,Fovissste,20/04/2010
960,US00960,Iris Catterell,Catterell,Pirallahı,14/12/1975
961,US00961,Luciano Lorinez,Lorinez,Gijon,07/10/1987
962,US00962,Tallia Gounin,Gounin,Vällingby,24/09/2003
963,US00963,Frazier MacGille,MacGille,Bender,23/06/2011
964,US00964,Fergus Behne,Behne,San Teodoro,19/04/1990
965,US00965,Philly Cowherd,Cowherd,Rengang,01/04/1975
966,US00966,Carie Habron,Habron,Guozhai,24/07/1953
967,US00967,Pen Oluwatoyin,Oluwatoyin,Minato,19/10/2002
968,US00968,Ulrika Hartwright,Hartwright,Santo Isidro,31/05/1980
969,US00969,Otha Andover,Andover,Żelazków,29/12/2017
970,US00970,Greta Phipps,Phipps,Pingyang,18/02/1987
971,US00971,Conchita Hollyar,Hollyar,Tsyurupyns’k,13/04/1981
972,US00972,Isa Rollings,Rollings,Tongbang,04/05/1956
973,US00973,Pernell Oby,Oby,Wanliang,25/07/1951
974,US00974,Norbie Ovenden,Ovenden,Sơn Hà,31/03/1963
975,US00975,Alvira Whisson,Whisson,Hostavice,02/02/1978
976,US00976,Darrin Threader,Threader,Retreat,17/12/2003
977,US00977,Petronia Rogers,Rogers,Nanyuki,17/05/1991
978,US00978,Lindsey Coghlin,Coghlin,Yingtou,30/01/1994
979,US00979,Rowen Josephsen,Josephsen,Tungi,10/07/1992
980,US00980,Giulietta Colisbe,Colisbe,Masaran,09/09/1967
981,US00981,Pammi Okenfold,Okenfold,Oumiao,11/02/1972
982,US00982,Courtenay Crewdson,Crewdson,Bente,01/06/1982
983,US00983,Blythe Cadagan,Cadagan,Strängnäs,31/08/1981
984,US00984,Merry Cloney,Cloney,Sindangsari,06/06/1957
985,US00985,Emerson Pine,Pine,Anibare,10/04/2003
986,US00986,Dolph Reisenberg,Reisenberg,Mórrope,26/07/1980
987,US00987,Honey Rockhill,Rockhill,Postupice,07/05/1952
988,US00988,Hester Jereatt,Jereatt,Queluz,13/08/2009
989,US00989,Nikos Lukes,Lukes,Heitan,17/05/1982
990,US00990,Chrissy Comini,Comini,Paola,21/05/2000
991,US00991,Alicia Corwin,Corwin,Gubat,07/04/2020
992,US00992,Haze Harrop,Harrop,Loma Bonita,12/04/1986
993,US00993,Minta Ackland,Ackland,Jianqiao,25/02/1996
994,US00994,Eleanore Ransom,Ransom,Taishang,18/11/1967
995,US00995,Pierce Fawdrey,Fawdrey,Huazhou,13/08/1952
996,US00996,Carmelina Ilive,Ilive,Quebrada de Arena,24/01/2003
997,US00997,Nickola Bletsoe,Bletsoe,Bulu,09/01/1973
998,US00998,Carr Matussevich,Matussevich,Kukur,14/05/2018
999,US00999,Shelby Carlos,Carlos,Piuí,14/11/1990
1000,US01000,Lindsay Vennings,Vennings,Söderköping,30/01/1968
